{"accuracy": [0.4650574028491974, 0.5757828950881958], "loss": [1.3893969058990479, 1.1264878511428833], "val_accuracy": [0.519989550113678, 0.5734864473342896], "val_loss": [1.2477291822433472, 1.1191596984863281], "learning_rate": [0.0010000000474974513, 0.0010000000474974513]}