{"accuracy": [0.40619781613349915, 0.5091336369514465, 0.5483298301696777, 0.5786665081977844, 0.6002087593078613, 0.6261221170425415, 0.6447416543960571, 0.663582980632782, 0.6805453896522522, 0.6959159970283508, 0.7110516428947449, 0.7257307171821594, 0.7361038327217102, 0.7470120191574097, 0.7609342336654663, 0.7696894407272339, 0.7763439416885376, 0.7858037352561951, 0.7953810095787048, 0.8364692330360413], "loss": [1.527198314666748, 1.2936347723007202, 1.197858452796936, 1.1225941181182861, 1.0623689889907837, 1.0053791999816895, 0.9550699591636658, 0.9075957536697388, 0.8597043752670288, 0.8251749873161316, 0.7897536158561707, 0.7535938620567322, 0.722804844379425, 0.6952431201934814, 0.6579029560089111, 0.6353923082351685, 0.6204646229743958, 0.5982581973075867, 0.5743066072463989, 0.4616318941116333], "val_accuracy": [0.5045406818389893, 0.5438413619995117, 0.5574634671211243, 0.6017223596572876, 0.626461386680603, 0.6292275786399841, 0.646607518196106, 0.6691544651985168, 0.6550626158714294, 0.6783403158187866, 0.693058431148529, 0.6967118978500366, 0.7113778591156006, 0.7107515931129456, 0.7220250368118286, 0.7281836867332458, 0.7078288197517395, 0.7384655475616455, 0.7427452802658081, 0.7680062651634216], "val_loss": [1.29818856716156, 1.1958800554275513, 1.162967562675476, 1.0493214130401611, 1.0165531635284424, 1.0124592781066895, 0.9726697206497192, 0.916015088558197, 0.9634549617767334, 0.9155039191246033, 0.8835477828979492, 0.8995035886764526, 0.8503106236457825, 0.8825024962425232, 0.8823216557502747, 0.8371669054031372, 0.9083074331283569, 0.8631823658943176, 0.8703619241714478, 0.830313503742218], "learning_rate": [0.0010000000474974513, 0.0010000000474974513, 0.0010000000474974513, 0.0010000000474974513, 0.0010000000474974513, 0.0010000000474974513, 0.0010000000474974513, 0.0010000000474974513, 0.0010000000474974513, 0.0010000000474974513, 0.0010000000474974513, 0.0010000000474974513, 0.0010000000474974513, 0.0010000000474974513, 0.0010000000474974513, 0.0010000000474974513, 0.0010000000474974513, 0.0010000000474974513, 0.0010000000474974513, 0.0005000000237487257]}