{"accuracy": [0.4205375909805298, 0.518984854221344, 0.5597729682922363, 0.5877348780632019, 0.6113778948783875, 0.6373695135116577, 0.6562630534172058, 0.6792014837265015, 0.6969728469848633, 0.7098382115364075, 0.7258742451667786, 0.7406837344169617, 0.7493606209754944, 0.7623695135116577, 0.7712030410766602, 0.7835464477539062, 0.7925756573677063, 0.8003131747245789, 0.8088987469673157, 0.8162447810173035], "loss": [1.494690179824829, 1.270465612411499, 1.1734105348587036, 1.1028655767440796, 1.0371607542037964, 0.9775183796882629, 0.9233978390693665, 0.8737412691116333, 0.8268270492553711, 0.787104070186615, 0.755176305770874, 0.717670202255249, 0.6914085149765015, 0.6610056757926941, 0.6323585510253906, 0.6052167415618896, 0.5802656412124634, 0.5607782006263733, 0.5381604433059692, 0.5226755738258362], "val_accuracy": [0.5090292096138, 0.5726513862609863, 0.579018771648407, 0.589665949344635, 0.6313674449920654, 0.6363778710365295, 0.6591336131095886, 0.6854383945465088, 0.6684759855270386, 0.6935803890228271, 0.7113778591156006, 0.7197285890579224, 0.7127870321273804, 0.702557384967804, 0.7400835156440735, 0.7503653168678284, 0.7473381757736206, 0.7541753649711609, 0.7531837224960327, 0.7610647082328796], "val_loss": [1.2769417762756348, 1.1327309608459473, 1.1159908771514893, 1.100527048110962, 1.0055149793624878, 1.003135323524475, 0.9433184862136841, 0.8879407048225403, 0.9592994451522827, 0.8737539052963257, 0.8518417477607727, 0.850784182548523, 0.8608379364013672, 0.9253589510917664, 0.80010986328125, 0.8152756094932556, 0.8381265997886658, 0.7787980437278748, 0.821025550365448, 0.8088437914848328], "learning_rate": [0.0010000000474974513, 0.0010000000474974513, 0.0010000000474974513, 0.0010000000474974513, 0.0010000000474974513, 0.0010000000474974513, 0.0010000000474974513, 0.0010000000474974513, 0.0010000000474974513, 0.0010000000474974513, 0.0010000000474974513, 0.0010000000474974513, 0.0010000000474974513, 0.0010000000474974513, 0.0010000000474974513, 0.0010000000474974513, 0.0010000000474974513, 0.0010000000474974513, 0.0010000000474974513, 0.0010000000474974513]}