{"accuracy": [0.2844206690788269, 0.3018006384372711, 0.30521920323371887, 0.2940109670162201, 0.2654097080230713, 0.26721033453941345, 0.2684890329837799, 0.26718422770500183, 0.26088204979896545], "loss": [1.808787226676941, 1.733995795249939, 1.7290173768997192, 1.7397868633270264, 1.7734736204147339, 1.7709604501724243, 1.7675976753234863, 1.7761808633804321, 1.8021694421768188], "val_accuracy": [0.31889352202415466, 0.35511481761932373, 0.35339248180389404, 0.27139875292778015, 0.2848121225833893, 0.28580376505851746, 0.2881002128124237, 0.2613256871700287, 0.260803759098053], "val_loss": [2.057894468307495, 1.7167448997497559, 1.6736888885498047, 1.7619538307189941, 1.7530901432037354, 1.741102695465088, 1.7354321479797363, 1.9435017108917236, 2.0729119777679443], "learning_rate": [0.0010000000474974513, 0.0010000000474974513, 0.0010000000474974513, 0.0010000000474974513, 0.0010000000474974513, 0.0010000000474974513, 0.0005000000237487257, 0.0005000000237487257, 0.0005000000237487257]}