{"accuracy": [0.3438413441181183, 0.34348905086517334, 0.3418058454990387, 0.34399792551994324, 0.3431628346443176, 0.34329330921173096, 0.34586378931999207, 0.3434238135814667, 0.34532880783081055], "loss": [1.6589882373809814, 1.6590620279312134, 1.6576454639434814, 1.658250093460083, 1.6562925577163696, 1.6549255847930908, 1.6535452604293823, 1.653327226638794, 1.6547642946243286], "val_accuracy": [0.37442588806152344, 0.36951982975006104, 0.3728601336479187, 0.3652922809123993, 0.36383089423179626, 0.3731732666492462, 0.37239038944244385, 0.3727557361125946, 0.3718162775039673], "val_loss": [1.6111449003219604, 1.6088800430297852, 1.6080251932144165, 1.6113759279251099, 1.6177395582199097, 1.618786334991455, 1.6114368438720703, 1.6110520362854004, 1.6090375185012817], "learning_rate": [0.0001250000059371814, 0.0001250000059371814, 0.0001250000059371814, 0.0001250000059371814, 0.0001250000059371814, 0.0001250000059371814, 6.25000029685907e-05, 6.25000029685907e-05, 6.25000029685907e-05]}