{"accuracy": [0.28580376505851746, 0.287186861038208, 0.2853209674358368, 0.2673408091068268, 0.2607385218143463, 0.2606993615627289, 0.2609342336654663, 0.2632046043872833], "loss": [1.8088903427124023, 1.7542814016342163, 1.7558326721191406, 1.7921626567840576, 1.8042041063308716, 1.8024576902389526, 1.8023284673690796, 1.794782042503357], "val_accuracy": [0.3388308882713318, 0.3307933211326599, 0.3219206631183624, 0.2609081566333771, 0.260803759098053, 0.2609081566333771, 0.260803759098053, 0.26085594296455383], "val_loss": [1.746254801750183, 1.7431714534759521, 1.773216962814331, 1.8379324674606323, 1.8697023391723633, 1.8228784799575806, 1.824471354484558, 1.823462963104248], "learning_rate": [0.0010000000474974513, 0.0010000000474974513, 0.0010000000474974513, 0.0010000000474974513, 0.0010000000474974513, 0.0005000000237487257, 0.0005000000237487257, 0.0005000000237487257]}