{"accuracy": [0.3068501949310303, 0.3221946656703949], "loss": [1.8115575313568115, 1.704297423362732], "val_accuracy": [0.3454592823982239, 0.35349687933921814], "val_loss": [1.7016993761062622, 1.6615235805511475], "learning_rate": [0.0010000000474974513, 0.0010000000474974513]}