{"accuracy": [0.2512134611606598, 0.26076462864875793, 0.2607515752315521, 0.26088204979896545, 0.26088204979896545, 0.26088204979896545, 0.26088204979896545, 0.26088204979896545, 0.26088204979896545, 0.26088204979896545, 0.26088204979896545, 0.26088204979896545, 0.26088204979896545, 0.26088204979896545, 0.26088204979896545, 0.26088204979896545, 0.26088204979896545, 0.26088204979896545, 0.26088204979896545, 0.26088204979896545], "loss": [1.8252381086349487, 1.80940842628479, 1.8064861297607422, 1.8051562309265137, 1.804444670677185, 1.8043100833892822, 1.803402304649353, 1.8035260438919067, 1.803475260734558, 1.8028156757354736, 1.8028782606124878, 1.8027231693267822, 1.802456259727478, 1.8021260499954224, 1.802101731300354, 1.8020974397659302, 1.801505208015442, 1.8008314371109009, 1.8001370429992676, 1.7993738651275635], "val_accuracy": [0.26085594296455383, 0.26085594296455383, 0.26085594296455383, 0.26085594296455383, 0.26085594296455383, 0.26085594296455383, 0.26085594296455383, 0.26085594296455383, 0.26085594296455383, 0.26085594296455383, 0.26085594296455383, 0.26085594296455383, 0.26085594296455383, 0.26085594296455383, 0.26085594296455383, 0.26085594296455383, 0.26085594296455383, 0.26085594296455383, 0.26085594296455383, 0.26085594296455383], "val_loss": [1.8015037775039673, 1.8005684614181519, 1.8005353212356567, 1.8007646799087524, 1.8006908893585205, 1.8006256818771362, 1.8006058931350708, 1.8004212379455566, 1.8005458116531372, 1.800704002380371, 1.800564169883728, 1.800454020500183, 1.800270915031433, 1.8000630140304565, 1.800096869468689, 1.799709677696228, 1.8003549575805664, 1.8001480102539062, 1.8009474277496338, 1.8001716136932373], "learning_rate": [9.999999747378752e-05, 9.999999747378752e-05, 9.999999747378752e-05, 9.999999747378752e-05, 9.999999747378752e-05, 4.999999873689376e-05, 4.999999873689376e-05, 4.999999873689376e-05, 4.999999873689376e-05, 4.999999873689376e-05, 4.999999873689376e-05, 2.499999936844688e-05, 2.499999936844688e-05, 2.499999936844688e-05, 2.499999936844688e-05, 2.499999936844688e-05, 2.499999936844688e-05, 2.499999936844688e-05, 2.499999936844688e-05, 1.249999968422344e-05]}