{"accuracy": [0.49301931262016296, 0.6164144277572632, 0.7000913619995117, 0.7791622877120972, 0.8356471657752991, 0.8740996718406677, 0.8992040753364563, 0.9178496599197388, 0.9649921655654907, 0.9760960340499878, 0.9779096841812134], "loss": [1.3261274099349976, 1.0460251569747925, 0.8363687992095947, 0.6329392790794373, 0.4802358150482178, 0.3772076666355133, 0.2996116876602173, 0.24965333938598633, 0.11275497078895569, 0.0755317285656929, 0.10371896624565125], "val_accuracy": [0.5699373483657837, 0.6362735033035278, 0.6824634671211243, 0.7245824337005615, 0.7581419348716736, 0.7750521898269653, 0.7811064720153809, 0.7772964239120483, 0.8166492581367493, 0.8131523728370667, 0.8149791359901428], "val_loss": [1.1622658967971802, 0.9841936826705933, 0.886825680732727, 0.791504979133606, 0.75823974609375, 0.7974929213523865, 0.8680379390716553, 0.9203391075134277, 0.982288122177124, 1.1525521278381348, 1.035891056060791], "learning_rate": [9.999999747378752e-05, 9.999999747378752e-05, 9.999999747378752e-05, 9.999999747378752e-05, 9.999999747378752e-05, 9.999999747378752e-05, 9.999999747378752e-05, 9.999999747378752e-05, 4.999999873689376e-05, 4.999999873689376e-05, 4.999999873689376e-05]}