{"accuracy": [0.25578027963638306, 0.28230687975883484], "loss": [1.80402410030365, 1.7555656433105469], "val_accuracy": [0.2809498906135559, 0.3056367337703705], "val_loss": [1.7616831064224243, 1.7294626235961914], "learning_rate": [9.999999747378752e-05, 9.999999747378752e-05]}