{"accuracy": [0.3009786009788513, 0.3437761068344116, 0.3608037531375885, 0.37292537093162537, 0.38016700744628906, 0.3835856020450592, 0.3909185826778412, 0.39996084570884705, 0.40274009108543396, 0.405441015958786, 0.4084812104701996, 0.4114822447299957, 0.4193371534347534, 0.4184238016605377, 0.42082464694976807, 0.42875781655311584, 0.4345642030239105, 0.43794363737106323], "loss": [1.7452090978622437, 1.6693148612976074, 1.632319450378418, 1.6092743873596191, 1.5914397239685059, 1.5780203342437744, 1.567491054534912, 1.553024172782898, 1.548879861831665, 1.5396292209625244, 1.5302544832229614, 1.524266242980957, 1.5140929222106934, 1.509536623954773, 1.5037490129470825, 1.4788219928741455, 1.466630458831787, 1.4637925624847412], "val_accuracy": [0.27426931262016296, 0.2377348691225052, 0.14065761864185333, 0.32411274313926697, 0.3348642885684967, 0.31508350372314453, 0.3341336250305176, 0.38230690360069275, 0.39373695850372314, 0.27740082144737244, 0.3429540693759918, 0.4191023111343384, 0.3801148235797882, 0.38914406299591064, 0.2931106388568878, 0.4189457297325134, 0.3966597020626068, 0.3882046043872833], "val_loss": [1.756948709487915, 1.879727840423584, 2.7259151935577393, 1.7238250970840454, 1.6847119331359863, 1.7006973028182983, 1.6454482078552246, 1.5999737977981567, 1.533360242843628, 1.848379373550415, 2.1585981845855713, 1.5047452449798584, 1.5783895254135132, 1.5219701528549194, 1.7833133935928345, 1.5188835859298706, 1.6545302867889404, 1.6038042306900024], "learning_rate": [9.999999747378752e-05, 9.999999747378752e-05, 9.999999747378752e-05, 9.999999747378752e-05, 9.999999747378752e-05, 9.999999747378752e-05, 9.999999747378752e-05, 9.999999747378752e-05, 9.999999747378752e-05, 9.999999747378752e-05, 9.999999747378752e-05, 9.999999747378752e-05, 9.999999747378752e-05, 9.999999747378752e-05, 9.999999747378752e-05, 4.999999873689376e-05, 4.999999873689376e-05, 4.999999873689376e-05]}